1,"(138.0, 162.0, 131.0)","[(0.10428572, (138.0, 162.0, 131.0)), (0.30626985, (122.0, 124.0, 127.0)), (0.1347619, (147.0, 152.0, 148.0)), (0.18301587, (88.0, 86.0, 92.0)), (0.023650793, (140.0, 162.0, 143.0))]"
2,"(45.0, 51.0, 76.0)","[(0.04595238, (45.0, 51.0, 76.0)), (0.008888889, (156.0, 111.0, 117.0)), (0.0051587303, (181.0, 136.0, 140.0)), (0.004920635, (120.0, 76.0, 80.0)), (0.022539683, (64.0, 75.0, 101.0))]"
3,"(91.0, 84.0, 86.0)","[(0.22595239, (91.0, 84.0, 86.0)), (0.04301587, (45.0, 49.0, 71.0)), (0.2525397, (124.0, 117.0, 118.0)), (0.030555556, (73.0, 83.0, 112.0)), (0.034603175, (107.0, 116.0, 146.0))]"
4,"(43.0, 49.0, 70.0)","[(0.04309524, (43.0, 49.0, 70.0)), (0.013412698, (209.0, 180.0, 187.0)), (0.047222223, (99.0, 111.0, 146.0)), (0.0076190475, (114.0, 79.0, 82.0)), (0.010714286, (188.0, 151.0, 155.0))]"
5,"(39.0, 47.0, 67.0)","[(0.0715873, (39.0, 47.0, 67.0)), (0.31325397, (125.0, 119.0, 117.0)), (0.19285715, (87.0, 85.0, 88.0)), (0.22579364, (155.0, 147.0, 142.0)), (0.05579365, (53.0, 54.0, 60.0))]"
6,"(89.0, 87.0, 91.0)","[(0.19571428, (89.0, 87.0, 91.0)), (0.011190476, (173.0, 190.0, 153.0)), (0.31674603, (117.0, 114.0, 122.0)), (0.32515875, (148.0, 154.0, 159.0)), (0.026825396, (60.0, 63.0, 62.0))]"
7,"(27.0, 29.0, 46.0)","[(0.033650793, (27.0, 29.0, 46.0)), (0.18936507, (125.0, 118.0, 119.0)), (0.08095238, (194.0, 200.0, 197.0)), (0.059444446, (41.0, 44.0, 63.0)), (0.11071429, (155.0, 150.0, 148.0))]"
8,"(84.0, 82.0, 88.0)","[(0.42420635, (84.0, 82.0, 88.0)), (0.049761906, (45.0, 50.0, 76.0)), (0.045873016, (193.0, 194.0, 193.0)), (0.11396825, (56.0, 55.0, 61.0)), (0.16880952, (114.0, 113.0, 117.0))]"
9,"(43.0, 48.0, 69.0)","[(0.06507937, (43.0, 48.0, 69.0)), (0.16984127, (87.0, 85.0, 90.0)), (0.19222222, (115.0, 117.0, 118.0)), (0.08992063, (55.0, 52.0, 61.0)), (0.1711111, (152.0, 156.0, 154.0))]"
10,"(128.0, 116.0, 115.0)","[(0.12698413, (128.0, 116.0, 115.0)), (0.012380952, (228.0, 224.0, 222.0)), (0.043809526, (26.0, 28.0, 43.0)), (0.16642857, (92.0, 82.0, 82.0)), (0.06849206, (160.0, 150.0, 150.0))]"
11,"(161.0, 158.0, 129.0)","[(0.042936508, (161.0, 158.0, 129.0)), (8.7301584E-4, (155.0, 158.0, 102.0)), (0.028492063, (197.0, 194.0, 163.0)), (0.055555556, (123.0, 121.0, 96.0)), (0.10230159, (160.0, 156.0, 148.0))]"
12,"(194.0, 196.0, 192.0)","[(0.11809524, (194.0, 196.0, 192.0)), (0.07833333, (43.0, 49.0, 74.0)), (0.02984127, (192.0, 194.0, 165.0)), (0.11626984, (161.0, 161.0, 157.0)), (0.025793651, (162.0, 163.0, 136.0))]"
13,"(134.0, 107.0, 116.0)","[(0.016587302, (134.0, 107.0, 116.0)), (0.040396824, (77.0, 84.0, 110.0)), (0.076349206, (161.0, 156.0, 128.0)), (0.11603174, (53.0, 51.0, 56.0)), (0.00484127, (192.0, 193.0, 129.0))]"
14,"(128.0, 118.0, 120.0)","[(0.21444444, (128.0, 118.0, 120.0)), (0.078650795, (76.0, 78.0, 102.0)), (0.003968254, (164.0, 167.0, 115.0)), (0.21579365, (160.0, 149.0, 146.0)), (0.0734127, (91.0, 86.0, 95.0))]"
15,"(57.0, 63.0, 87.0)","[(0.07595238, (57.0, 63.0, 87.0)), (0.14190476, (165.0, 164.0, 133.0)), (0.05793651, (68.0, 74.0, 100.0)), (0.07206349, (187.0, 187.0, 153.0)), (0.048730157, (159.0, 168.0, 129.0))]"
16,"(55.0, 55.0, 64.0)","[(0.24047619, (55.0, 55.0, 64.0)), (0.087142855, (125.0, 121.0, 95.0)), (0.028571429, (53.0, 53.0, 70.0)), (0.10968254, (79.0, 78.0, 81.0)), (0.14761905, (117.0, 116.0, 112.0))]"
17,"(124.0, 122.0, 114.0)","[(0.1534127, (124.0, 122.0, 114.0)), (0.04984127, (47.0, 46.0, 64.0)), (0.13460317, (155.0, 151.0, 148.0)), (0.16563492, (48.0, 47.0, 55.0)), (0.046428572, (117.0, 116.0, 97.0))]"
18,"(161.0, 154.0, 156.0)","[(0.120238096, (161.0, 154.0, 156.0)), (0.2525397, (92.0, 86.0, 87.0)), (0.15952381, (239.0, 238.0, 245.0)), (0.2129365, (126.0, 118.0, 121.0)), (0.057857145, (194.0, 188.0, 194.0))]"
19,"(131.0, 118.0, 116.0)","[(0.12404762, (131.0, 118.0, 116.0)), (0.030634921, (160.0, 154.0, 121.0)), (0.18142857, (238.0, 240.0, 241.0)), (0.10873016, (160.0, 149.0, 145.0)), (0.04984127, (129.0, 123.0, 94.0))]"
20,"(59.0, 50.0, 42.0)","[(0.1845238, (59.0, 50.0, 42.0)), (0.09222222, (242.0, 239.0, 240.0)), (0.20349206, (59.0, 52.0, 34.0)), (0.067539684, (87.0, 79.0, 61.0)), (0.07714286, (86.0, 80.0, 71.0))]"
21,"(119.0, 112.0, 111.0)","[(0.3226984, (119.0, 112.0, 111.0)), (0.07388889, (117.0, 112.0, 89.0)), (0.26079366, (96.0, 90.0, 89.0)), (0.15603174, (57.0, 52.0, 48.0)), (0.120714284, (21.0, 20.0, 19.0))]"
22,"(240.0, 242.0, 245.0)","[(0.121984124, (240.0, 242.0, 245.0)), (0.17365079, (53.0, 50.0, 46.0)), (0.10047619, (30.0, 29.0, 32.0)), (0.06507937, (194.0, 196.0, 202.0)), (0.14142857, (82.0, 79.0, 74.0))]"
23,"(158.0, 155.0, 123.0)","[(0.04063492, (158.0, 155.0, 123.0)), (0.06515873, (127.0, 124.0, 96.0)), (0.15603174, (124.0, 118.0, 114.0)), (0.27253968, (90.0, 84.0, 83.0)), (0.040238094, (153.0, 148.0, 147.0))]"
24,"(84.0, 76.0, 74.0)","[(0.26079366, (84.0, 76.0, 74.0)), (0.2954762, (64.0, 57.0, 55.0)), (0.090793654, (88.0, 83.0, 62.0)), (0.063174605, (121.0, 119.0, 89.0)), (0.038650792, (62.0, 59.0, 40.0))]"
25,"(195.0, 194.0, 161.0)","[(0.03468254, (195.0, 194.0, 161.0)), (0.053174604, (161.0, 159.0, 127.0)), (0.051587302, (128.0, 127.0, 97.0)), (0.123571426, (154.0, 156.0, 149.0)), (0.007063492, (160.0, 166.0, 122.0))]"
26,"(202.0, 196.0, 156.0)","[(0.07277778, (202.0, 196.0, 156.0)), (0.09134921, (165.0, 160.0, 127.0)), (0.10515873, (150.0, 152.0, 146.0)), (0.14674602, (124.0, 123.0, 121.0)), (0.09476191, (131.0, 126.0, 96.0))]"
27,"(122.0, 119.0, 96.0)","[(0.14825396, (122.0, 119.0, 96.0)), (0.12444445, (165.0, 158.0, 156.0)), (0.0018253968, (157.0, 159.0, 107.0)), (0.07015873, (164.0, 159.0, 128.0)), (0.04, (195.0, 191.0, 157.0))]"
28,"(121.0, 115.0, 90.0)","[(0.10468254, (121.0, 115.0, 90.0)), (0.056507938, (155.0, 156.0, 151.0)), (0.1434127, (96.0, 90.0, 66.0)), (0.061428573, (122.0, 116.0, 108.0)), (0.10309524, (93.0, 86.0, 79.0))]"
29,"(92.0, 86.0, 55.0)","[(0.16896826, (92.0, 86.0, 55.0)), (0.091031745, (238.0, 237.0, 231.0)), (0.057142857, (117.0, 114.0, 82.0)), (0.012142858, (121.0, 111.0, 61.0)), (0.27412698, (66.0, 58.0, 33.0))]"
30,"(92.0, 86.0, 85.0)","[(0.26761904, (92.0, 86.0, 85.0)), (0.11849207, (119.0, 116.0, 90.0)), (0.0028571428, (199.0, 195.0, 174.0)), (0.19349207, (94.0, 90.0, 65.0)), (0.16373016, (118.0, 112.0, 108.0))]"
31,"(193.0, 194.0, 167.0)","[(0.013888889, (193.0, 194.0, 167.0)), (0.16960317, (76.0, 85.0, 81.0)), (0.017301587, (52.0, 60.0, 59.0)), (0.3315873, (107.0, 116.0, 112.0)), (0.019444445, (164.0, 167.0, 137.0))]"
32,"(87.0, 86.0, 57.0)","[(0.21269841, (87.0, 86.0, 57.0)), (0.075238094, (155.0, 154.0, 149.0)), (0.061904762, (118.0, 118.0, 89.0)), (0.08261905, (122.0, 120.0, 116.0)), (0.01, (152.0, 153.0, 128.0))]"
33,"(242.0, 236.0, 237.0)","[(0.07277778, (242.0, 236.0, 237.0)), (0.08412699, (127.0, 118.0, 115.0)), (0.21984127, (93.0, 87.0, 67.0)), (0.02452381, (26.0, 21.0, 15.0)), (0.05277778, (160.0, 153.0, 149.0))]"
34,"(24.0, 19.0, 16.0)","[(0.06888889, (24.0, 19.0, 16.0)), (0.09261905, (242.0, 240.0, 242.0)), (0.06579365, (118.0, 117.0, 115.0)), (0.21785714, (55.0, 45.0, 29.0)), (0.085, (89.0, 87.0, 85.0))]"
35,"(86.0, 81.0, 56.0)","[(0.19357143, (86.0, 81.0, 56.0)), (0.17738095, (64.0, 57.0, 38.0)), (0.14428571, (61.0, 53.0, 46.0)), (0.1276984, (87.0, 80.0, 74.0)), (0.021428572, (118.0, 113.0, 89.0))]"
36,"(85.0, 80.0, 47.0)","[(0.119444445, (85.0, 80.0, 47.0)), (0.042936508, (244.0, 240.0, 241.0)), (0.08166666, (85.0, 80.0, 73.0)), (0.20436507, (61.0, 56.0, 49.0)), (0.34896827, (62.0, 58.0, 39.0))]"
37,"(122.0, 119.0, 115.0)","[(0.07539683, (122.0, 119.0, 115.0)), (0.12492064, (242.0, 239.0, 241.0)), (0.06079365, (158.0, 154.0, 152.0)), (0.1097619, (90.0, 86.0, 83.0)), (0.05666667, (196.0, 192.0, 192.0))]"
38,"(241.0, 240.0, 240.0)","[(0.08436508, (241.0, 240.0, 240.0)), (0.08960318, (84.0, 84.0, 78.0)), (0.25650793, (54.0, 53.0, 46.0)), (0.05269841, (119.0, 119.0, 114.0)), (0.04547619, (157.0, 156.0, 153.0))]"
39,"(244.0, 241.0, 244.0)","[(0.17920636, (244.0, 241.0, 244.0)), (0.15571429, (86.0, 81.0, 81.0)), (0.090793654, (199.0, 196.0, 198.0)), (0.11412699, (122.0, 118.0, 118.0)), (0.09357143, (159.0, 155.0, 158.0))]"
40,"(56.0, 53.0, 31.0)","[(0.24396825, (56.0, 53.0, 31.0)), (0.085079364, (88.0, 84.0, 76.0)), (0.08468254, (242.0, 240.0, 239.0)), (0.038015872, (84.0, 80.0, 61.0)), (0.05484127, (122.0, 118.0, 111.0))]"
41,"(22.0, 20.0, 22.0)","[(0.08396825, (22.0, 20.0, 22.0)), (0.11444444, (87.0, 83.0, 78.0)), (0.04047619, (242.0, 240.0, 240.0)), (0.17388889, (89.0, 85.0, 63.0)), (0.054047618, (120.0, 117.0, 112.0))]"
42,"(241.0, 239.0, 238.0)","[(0.0981746, (241.0, 239.0, 238.0)), (0.066190474, (158.0, 156.0, 153.0)), (0.05595238, (195.0, 193.0, 191.0)), (0.09142857, (122.0, 121.0, 117.0)), (0.18738095, (91.0, 89.0, 85.0))]"
43,"(85.0, 83.0, 77.0)","[(0.1379365, (85.0, 83.0, 77.0)), (0.12523809, (243.0, 242.0, 242.0)), (0.17253968, (83.0, 82.0, 59.0)), (0.10103174, (119.0, 117.0, 114.0)), (0.100873016, (60.0, 58.0, 49.0))]"
44,"(57.0, 52.0, 48.0)","[(0.30571428, (57.0, 52.0, 48.0)), (0.11753968, (243.0, 242.0, 243.0)), (0.18873017, (83.0, 79.0, 76.0)), (0.08142857, (57.0, 56.0, 36.0)), (0.049920633, (84.0, 83.0, 58.0))]"
45,"(89.0, 83.0, 78.0)","[(0.15198413, (89.0, 83.0, 78.0)), (0.095714286, (241.0, 237.0, 235.0)), (0.08063492, (123.0, 118.0, 113.0)), (0.065476194, (160.0, 155.0, 151.0)), (0.2681746, (61.0, 56.0, 52.0))]"
46,"(55.0, 49.0, 46.0)","[(0.26436508, (55.0, 49.0, 46.0)), (0.13698412, (86.0, 82.0, 77.0)), (0.07619048, (121.0, 117.0, 114.0)), (0.08738095, (58.0, 55.0, 37.0)), (0.06452381, (159.0, 155.0, 153.0))]"
47,"(51.0, 47.0, 43.0)","[(0.28507936, (51.0, 47.0, 43.0)), (0.082777776, (239.0, 236.0, 235.0)), (0.14285715, (86.0, 83.0, 79.0)), (0.078650795, (120.0, 118.0, 114.0)), (0.059603173, (156.0, 154.0, 152.0))]"
48,"(53.0, 49.0, 43.0)","[(0.22333333, (53.0, 49.0, 43.0)), (0.1234127, (85.0, 83.0, 77.0)), (0.073492065, (119.0, 118.0, 112.0)), (0.063412696, (155.0, 154.0, 148.0)), (0.05730159, (84.0, 82.0, 62.0))]"
49,"(87.0, 83.0, 75.0)","[(0.1363492, (87.0, 83.0, 75.0)), (0.08888889, (242.0, 238.0, 235.0)), (0.048015874, (85.0, 81.0, 62.0)), (0.24690476, (58.0, 54.0, 48.0)), (0.08388889, (122.0, 118.0, 112.0))]"
50,"(85.0, 83.0, 75.0)","[(0.13142857, (85.0, 83.0, 75.0)), (0.094126984, (244.0, 242.0, 239.0)), (0.052380953, (84.0, 84.0, 65.0)), (0.07484127, (120.0, 118.0, 110.0)), (0.065238096, (156.0, 154.0, 147.0))]"
51,"(57.0, 54.0, 34.0)","[(0.3129365, (57.0, 54.0, 34.0)), (0.1286508, (58.0, 52.0, 44.0)), (0.08238095, (82.0, 78.0, 54.0)), (0.10984127, (84.0, 78.0, 71.0)), (0.061507937, (121.0, 115.0, 110.0))]"
52,"(87.0, 83.0, 78.0)","[(0.15055555, (87.0, 83.0, 78.0)), (0.09793651, (244.0, 241.0, 240.0)), (0.06984127, (84.0, 82.0, 61.0)), (0.08261905, (120.0, 116.0, 111.0)), (0.16269842, (60.0, 57.0, 37.0))]"
53,"(52.0, 47.0, 44.0)","[(0.26595238, (52.0, 47.0, 44.0)), (0.09015873, (242.0, 238.0, 239.0)), (0.15380952, (89.0, 83.0, 80.0)), (0.08857143, (122.0, 117.0, 115.0)), (0.07388889, (161.0, 155.0, 155.0))]"
54,"(85.0, 81.0, 76.0)","[(0.14960317, (85.0, 81.0, 76.0)), (0.09531746, (242.0, 238.0, 239.0)), (0.2559524, (57.0, 54.0, 48.0)), (0.1097619, (29.0, 27.0, 20.0)), (0.08722222, (121.0, 117.0, 114.0))]"
55,"(28.0, 27.0, 21.0)","[(0.21150793, (28.0, 27.0, 21.0)), (0.03595238, (240.0, 238.0, 237.0)), (0.27801588, (50.0, 48.0, 41.0)), (0.1868254, (48.0, 49.0, 30.0)), (0.07126984, (84.0, 82.0, 75.0))]"
56,"(55.0, 53.0, 47.0)","[(0.24698412, (55.0, 53.0, 47.0)), (0.12825397, (86.0, 86.0, 62.0)), (0.08436508, (240.0, 241.0, 242.0)), (0.20968254, (84.0, 84.0, 78.0)), (0.047698412, (58.0, 57.0, 38.0))]"
57,"(127.0, 119.0, 117.0)","[(0.20238096, (127.0, 119.0, 117.0)), (0.013253968, (203.0, 185.0, 183.0)), (0.049761906, (164.0, 153.0, 151.0)), (0.014920635, (159.0, 154.0, 125.0)), (0.3065873, (94.0, 87.0, 86.0))]"
58,"(120.0, 118.0, 111.0)","[(0.26920635, (120.0, 118.0, 111.0)), (0.08230159, (125.0, 120.0, 99.0)), (0.04515873, (166.0, 155.0, 127.0)), (0.24380952, (93.0, 89.0, 85.0)), (0.09873016, (156.0, 151.0, 146.0))]"
59,"(90.0, 84.0, 60.0)","[(0.18214285, (90.0, 84.0, 60.0)), (0.13388889, (245.0, 244.0, 245.0)), (0.070396826, (158.0, 156.0, 152.0)), (0.08412699, (65.0, 59.0, 41.0)), (0.14492063, (84.0, 77.0, 70.0))]"
60,"(30.0, 26.0, 19.0)","[(0.16420636, (30.0, 26.0, 19.0)), (0.1897619, (51.0, 47.0, 39.0)), (0.15198413, (48.0, 46.0, 28.0)), (0.11357143, (34.0, 32.0, 16.0)), (0.09396826, (83.0, 79.0, 71.0))]"
61,"(50.0, 46.0, 27.0)","[(0.27039683, (50.0, 46.0, 27.0)), (0.093333334, (33.0, 28.0, 20.0)), (0.15579365, (50.0, 44.0, 38.0)), (0.06373016, (37.0, 31.0, 16.0)), (0.061666667, (84.0, 79.0, 53.0))]"
62,"(244.0, 242.0, 242.0)","[(0.14246032, (244.0, 242.0, 242.0)), (0.09563492, (123.0, 118.0, 115.0)), (0.13119048, (89.0, 84.0, 79.0)), (0.0681746, (159.0, 154.0, 151.0)), (0.05579365, (198.0, 194.0, 192.0))]"
63,"(56.0, 53.0, 45.0)","[(0.20825396, (56.0, 53.0, 45.0)), (0.057857145, (240.0, 237.0, 236.0)), (0.107857145, (84.0, 81.0, 74.0)), (0.07746032, (121.0, 118.0, 114.0)), (0.08309524, (54.0, 52.0, 35.0))]"
64,"(87.0, 86.0, 61.0)","[(0.15809524, (87.0, 86.0, 61.0)), (0.049126983, (117.0, 115.0, 90.0)), (0.27420634, (60.0, 58.0, 38.0)), (0.11230159, (87.0, 84.0, 76.0)), (0.06595238, (120.0, 118.0, 110.0))]"
65,"(84.0, 81.0, 56.0)","[(0.25, (84.0, 81.0, 56.0)), (0.03952381, (198.0, 191.0, 188.0)), (0.2752381, (60.0, 57.0, 35.0)), (0.07404762, (123.0, 119.0, 95.0)), (0.05063492, (159.0, 153.0, 148.0))]"
66,"(61.0, 57.0, 38.0)","[(0.1602381, (61.0, 57.0, 38.0)), (0.05373016, (238.0, 236.0, 238.0)), (0.27539682, (80.0, 79.0, 56.0)), (0.06111111, (62.0, 55.0, 47.0)), (0.10928571, (83.0, 79.0, 71.0))]"
67,"(120.0, 116.0, 88.0)","[(0.053174604, (120.0, 116.0, 88.0)), (0.10198413, (244.0, 240.0, 242.0)), (0.15936507, (94.0, 89.0, 62.0)), (0.1418254, (122.0, 115.0, 116.0)), (0.10015873, (96.0, 89.0, 90.0))]"
68,"(56.0, 53.0, 32.0)","[(0.444127, (56.0, 53.0, 32.0)), (0.23492064, (80.0, 77.0, 55.0)), (0.027698413, (157.0, 153.0, 145.0)), (0.07412698, (58.0, 51.0, 42.0)), (0.024603175, (37.0, 32.0, 16.0))]"
69,"(86.0, 84.0, 58.0)","[(0.23103175, (86.0, 84.0, 58.0)), (0.022063492, (239.0, 242.0, 241.0)), (0.19325396, (57.0, 56.0, 28.0)), (0.12293651, (118.0, 115.0, 88.0)), (0.047380954, (93.0, 85.0, 76.0))]"
70,"(125.0, 123.0, 97.0)","[(0.1613492, (125.0, 123.0, 97.0)), (0.10412698, (242.0, 239.0, 240.0)), (0.061507937, (156.0, 153.0, 128.0)), (0.11849207, (160.0, 156.0, 150.0)), (0.13301587, (127.0, 121.0, 115.0))]"
71,"(123.0, 118.0, 95.0)","[(0.06563492, (123.0, 118.0, 95.0)), (0.08571429, (243.0, 241.0, 239.0)), (0.15333334, (92.0, 89.0, 67.0)), (0.10761905, (123.0, 118.0, 112.0)), (0.17126983, (91.0, 86.0, 80.0))]"
72,"(89.0, 89.0, 66.0)","[(0.09920635, (89.0, 89.0, 66.0)), (0.079920635, (117.0, 116.0, 92.0)), (0.2436508, (88.0, 84.0, 77.0)), (0.15904762, (119.0, 116.0, 109.0)), (0.0075396826, (111.0, 118.0, 80.0))]"
73,"(125.0, 117.0, 119.0)","[(0.2552381, (125.0, 117.0, 119.0)), (0.07587302, (129.0, 119.0, 95.0)), (0.35738096, (96.0, 89.0, 89.0)), (0.04079365, (153.0, 146.0, 147.0)), (0.022777777, (169.0, 149.0, 126.0))]"
74,"(130.0, 117.0, 90.0)","[(0.18531746, (130.0, 117.0, 90.0)), (0.28746033, (125.0, 116.0, 114.0)), (0.053015873, (163.0, 154.0, 123.0)), (0.08674603, (96.0, 85.0, 59.0)), (0.01936508, (132.0, 119.0, 68.0))]"
75,"(120.0, 116.0, 114.0)","[(0.19373016, (120.0, 116.0, 114.0)), (0.15722223, (93.0, 88.0, 85.0)), (0.14587301, (155.0, 153.0, 156.0)), (0.056984127, (120.0, 117.0, 98.0)), (0.08865079, (189.0, 190.0, 199.0))]"
76,"(246.0, 245.0, 247.0)","[(0.05722222, (246.0, 245.0, 247.0)), (0.14857143, (86.0, 83.0, 76.0)), (0.07539683, (89.0, 87.0, 66.0)), (0.006746032, (114.0, 112.0, 81.0)), (0.04920635, (119.0, 116.0, 116.0))]"
77,"(83.0, 80.0, 60.0)","[(0.09404762, (83.0, 80.0, 60.0)), (0.15373015, (85.0, 81.0, 74.0)), (0.27769843, (60.0, 56.0, 48.0)), (0.12880953, (63.0, 59.0, 41.0)), (0.09142857, (119.0, 115.0, 112.0))]"
78,"(87.0, 83.0, 62.0)","[(0.20777778, (87.0, 83.0, 62.0)), (0.037380952, (242.0, 243.0, 246.0)), (0.13436508, (84.0, 84.0, 75.0)), (0.05079365, (114.0, 115.0, 113.0)), (0.20452382, (64.0, 59.0, 42.0))]"
79,"(247.0, 245.0, 247.0)","[(0.20785715, (247.0, 245.0, 247.0)), (0.14587301, (125.0, 119.0, 120.0)), (3.968254E-4, (147.0, 145.0, 96.0)), (0.07412698, (199.0, 195.0, 198.0)), (0.0013492063, (136.0, 124.0, 146.0))]"
80,"(81.0, 80.0, 74.0)","[(0.36460316, (81.0, 80.0, 74.0)), (0.25119048, (59.0, 58.0, 53.0)), (0.093650796, (87.0, 86.0, 67.0)), (0.11111111, (113.0, 110.0, 105.0)), (0.08492064, (113.0, 112.0, 91.0))]"
81,"(88.0, 84.0, 78.0)","[(0.15738095, (88.0, 84.0, 78.0)), (0.14746031, (85.0, 85.0, 65.0)), (0.08349206, (119.0, 115.0, 110.0)), (0.024920635, (114.0, 113.0, 92.0)), (0.23373015, (63.0, 58.0, 52.0))]"
82,"(56.0, 51.0, 44.0)","[(0.255, (56.0, 51.0, 44.0)), (0.13412699, (85.0, 80.0, 73.0)), (0.09992064, (54.0, 52.0, 36.0)), (0.08166666, (121.0, 116.0, 110.0)), (0.06428572, (158.0, 154.0, 149.0))]"
83,"(241.0, 237.0, 241.0)","[(0.08452381, (241.0, 237.0, 241.0)), (0.05825397, (122.0, 118.0, 119.0)), (0.036349207, (199.0, 195.0, 198.0)), (0.10944445, (86.0, 83.0, 82.0)), (0.04388889, (159.0, 155.0, 157.0))]"
84,"(247.0, 244.0, 245.0)","[(0.081507936, (247.0, 244.0, 245.0)), (0.1534127, (89.0, 84.0, 81.0)), (0.041984126, (198.0, 194.0, 195.0)), (0.073968254, (125.0, 120.0, 119.0)), (0.047380954, (160.0, 156.0, 155.0))]"
85,"(246.0, 243.0, 243.0)","[(0.091031745, (246.0, 243.0, 243.0)), (0.16555555, (89.0, 83.0, 77.0)), (0.07230159, (124.0, 118.0, 115.0)), (0.04888889, (159.0, 154.0, 151.0)), (0.038492065, (199.0, 195.0, 193.0))]"
86,"(245.0, 243.0, 246.0)","[(0.0847619, (245.0, 243.0, 246.0)), (0.17746031, (87.0, 84.0, 79.0)), (0.081746034, (122.0, 118.0, 117.0)), (0.04063492, (197.0, 193.0, 196.0)), (0.04611111, (159.0, 156.0, 157.0))]"
87,"(245.0, 243.0, 245.0)","[(0.10063492, (245.0, 243.0, 245.0)), (0.18492064, (88.0, 84.0, 78.0)), (0.09134921, (121.0, 117.0, 113.0)), (0.054682538, (159.0, 154.0, 154.0)), (0.044444446, (198.0, 194.0, 196.0))]"
88,"(246.0, 244.0, 245.0)","[(0.13857143, (246.0, 244.0, 245.0)), (0.09769841, (122.0, 118.0, 115.0)), (0.05793651, (158.0, 155.0, 154.0)), (0.048730157, (197.0, 194.0, 195.0)), (0.22944444, (89.0, 85.0, 81.0))]"
89,"(246.0, 244.0, 245.0)","[(0.121269844, (246.0, 244.0, 245.0)), (0.19150794, (89.0, 83.0, 79.0)), (4.7619047E-4, (105.0, 108.0, 59.0)), (0.08214286, (122.0, 116.0, 114.0)), (0.047142856, (198.0, 194.0, 194.0))]"
90,"(244.0, 241.0, 243.0)","[(0.060555555, (244.0, 241.0, 243.0)), (0.12174603, (87.0, 82.0, 77.0)), (0.3427778, (61.0, 56.0, 50.0)), (0.05595238, (122.0, 117.0, 115.0)), (0.030317461, (198.0, 193.0, 194.0))]"
91,"(54.0, 51.0, 46.0)","[(0.25039682, (54.0, 51.0, 46.0)), (0.21119048, (87.0, 81.0, 81.0)), (0.092301585, (123.0, 115.0, 117.0)), (0.16071428, (53.0, 53.0, 35.0)), (0.14436507, (84.0, 84.0, 61.0))]"
92,"(128.0, 120.0, 90.0)","[(0.33253968, (128.0, 120.0, 90.0)), (0.25865078, (78.0, 78.0, 74.0)), (0.1102381, (62.0, 62.0, 59.0)), (0.08865079, (92.0, 88.0, 66.0)), (0.06531746, (154.0, 144.0, 113.0))]"
93,"(88.0, 86.0, 84.0)","[(0.27642858, (88.0, 86.0, 84.0)), (0.16873015, (120.0, 115.0, 120.0)), (0.08595238, (157.0, 151.0, 158.0)), (0.08746032, (86.0, 87.0, 67.0)), (0.12944445, (116.0, 117.0, 94.0))]"
94,"(86.0, 89.0, 65.0)","[(0.12238095, (86.0, 89.0, 65.0)), (0.094920635, (118.0, 119.0, 95.0)), (0.19563492, (89.0, 87.0, 81.0)), (0.17087302, (123.0, 119.0, 115.0)), (0.1134127, (155.0, 152.0, 150.0))]"
95,"(91.0, 85.0, 81.0)","[(0.19650793, (91.0, 85.0, 81.0)), (0.11547619, (243.0, 241.0, 241.0)), (0.13142857, (122.0, 116.0, 112.0)), (0.08285714, (160.0, 154.0, 152.0)), (0.06896825, (198.0, 193.0, 191.0))]"
96,"(86.0, 82.0, 82.0)","[(0.20412698, (86.0, 82.0, 82.0)), (0.13976191, (243.0, 243.0, 245.0)), (0.11777778, (119.0, 117.0, 117.0)), (0.083015874, (157.0, 155.0, 156.0)), (0.066190474, (196.0, 194.0, 196.0))]"
97,"(53.0, 50.0, 43.0)","[(0.31706348, (53.0, 50.0, 43.0)), (0.10277778, (243.0, 240.0, 241.0)), (0.17992063, (86.0, 82.0, 78.0)), (0.100079365, (122.0, 118.0, 115.0)), (0.069603175, (52.0, 50.0, 33.0))]"
98,"(57.0, 55.0, 49.0)","[(0.30666667, (57.0, 55.0, 49.0)), (0.11857143, (242.0, 239.0, 240.0)), (0.16738096, (84.0, 81.0, 77.0)), (0.09873016, (120.0, 117.0, 114.0)), (0.06936508, (158.0, 155.0, 153.0))]"
99,"(55.0, 53.0, 47.0)","[(0.30444443, (55.0, 53.0, 47.0)), (0.17293651, (82.0, 80.0, 74.0)), (0.078095235, (57.0, 55.0, 38.0)), (0.09349206, (118.0, 116.0, 111.0)), (0.06563492, (157.0, 155.0, 153.0))]"
100,"(56.0, 54.0, 49.0)","[(0.35801587, (56.0, 54.0, 49.0)), (0.16587302, (84.0, 81.0, 77.0)), (0.08968254, (118.0, 115.0, 111.0)), (0.011111111, (83.0, 81.0, 65.0)), (0.04079365, (56.0, 56.0, 39.0))]"
101,"(249.0, 249.0, 249.0)","[(0.075, (249.0, 249.0, 249.0)), (0.122063495, (85.0, 84.0, 75.0)), (0.028571429, (199.0, 197.0, 195.0)), (0.036031745, (160.0, 158.0, 154.0)), (0.056825396, (117.0, 115.0, 110.0))]"
102,"(86.0, 83.0, 79.0)","[(0.2720635, (86.0, 83.0, 79.0)), (0.12, (244.0, 244.0, 249.0)), (0.1331746, (116.0, 116.0, 115.0)), (0.08055556, (89.0, 89.0, 68.0)), (0.042936508, (194.0, 194.0, 202.0))]"
103,"(242.0, 237.0, 243.0)","[(0.045238096, (242.0, 237.0, 243.0)), (0.03809524, (199.0, 193.0, 200.0)), (0.044603176, (158.0, 153.0, 157.0)), (0.07444444, (122.0, 117.0, 120.0)), (0.20031746, (91.0, 85.0, 85.0))]"
104,"(89.0, 83.0, 78.0)","[(0.1570635, (89.0, 83.0, 78.0)), (0.1084127, (122.0, 117.0, 111.0)), (0.060396824, (87.0, 84.0, 62.0)), (0.08015873, (159.0, 154.0, 151.0)), (0.066269845, (197.0, 192.0, 190.0))]"
105,"(86.0, 83.0, 82.0)","[(0.18246032, (86.0, 83.0, 82.0)), (0.116904765, (244.0, 242.0, 245.0)), (0.31079364, (50.0, 47.0, 41.0)), (0.09531746, (120.0, 116.0, 119.0)), (0.058809523, (157.0, 154.0, 157.0))]"
106,"(53.0, 49.0, 41.0)","[(0.31928572, (53.0, 49.0, 41.0)), (0.10047619, (245.0, 243.0, 245.0)), (0.102380954, (54.0, 52.0, 33.0)), (0.14785714, (87.0, 82.0, 78.0)), (0.05904762, (34.0, 31.0, 23.0))]"
107,"(102.0, 87.0, 67.0)","[(0.27753967, (102.0, 87.0, 67.0)), (0.3, (60.0, 55.0, 49.0)), (0.1615873, (129.0, 110.0, 89.0)), (0.14007936, (82.0, 76.0, 69.0)), (0.018015873, (139.0, 107.0, 89.0))]"
108,"(247.0, 244.0, 244.0)","[(0.13325396, (247.0, 244.0, 244.0)), (0.12190476, (90.0, 83.0, 78.0)), (0.07468254, (123.0, 116.0, 113.0)), (0.07674603, (90.0, 83.0, 62.0)), (0.16246031, (62.0, 55.0, 38.0))]"
109,"(51.0, 48.0, 38.0)","[(0.27849206, (51.0, 48.0, 38.0)), (0.06349207, (241.0, 241.0, 241.0)), (0.2220635, (52.0, 51.0, 34.0)), (0.061666667, (35.0, 32.0, 22.0)), (0.06436508, (75.0, 76.0, 55.0))]"
110,"(55.0, 51.0, 44.0)","[(0.31103176, (55.0, 51.0, 44.0)), (0.14119047, (243.0, 242.0, 243.0)), (0.1602381, (82.0, 79.0, 74.0)), (0.059285715, (56.0, 56.0, 39.0)), (0.06809524, (195.0, 193.0, 196.0))]"
111,"(200.0, 152.0, 140.0)","[(0.0025396824, (200.0, 152.0, 140.0)), (0.26277778, (55.0, 50.0, 42.0)), (0.10166667, (247.0, 244.0, 244.0)), (0.14730158, (57.0, 53.0, 36.0)), (0.059761904, (93.0, 83.0, 65.0))]"
112,"(54.0, 49.0, 43.0)","[(0.2806349, (54.0, 49.0, 43.0)), (0.08523809, (242.0, 239.0, 240.0)), (0.15214285, (55.0, 53.0, 37.0)), (0.120238096, (85.0, 80.0, 76.0)), (0.093888886, (120.0, 116.0, 112.0))]"
113,"(80.0, 81.0, 71.0)","[(0.1684127, (80.0, 81.0, 71.0)), (0.08047619, (81.0, 82.0, 57.0)), (0.28722224, (58.0, 58.0, 48.0)), (0.1420635, (58.0, 59.0, 39.0)), (0.06968254, (113.0, 114.0, 110.0))]"
114,"(59.0, 56.0, 36.0)","[(0.22150794, (59.0, 56.0, 36.0)), (0.2569841, (59.0, 54.0, 44.0)), (0.078095235, (82.0, 77.0, 54.0)), (0.1297619, (84.0, 78.0, 69.0)), (0.052857142, (120.0, 113.0, 107.0))]"
115,"(56.0, 52.0, 44.0)","[(0.26253968, (56.0, 52.0, 44.0)), (0.19492063, (83.0, 80.0, 73.0)), (0.071666665, (84.0, 80.0, 58.0)), (0.1115873, (60.0, 57.0, 38.0)), (0.09134921, (118.0, 115.0, 109.0))]"
116,"(90.0, 85.0, 60.0)","[(0.08373016, (90.0, 85.0, 60.0)), (0.09761905, (244.0, 242.0, 243.0)), (0.15769841, (88.0, 83.0, 78.0)), (0.08388889, (122.0, 117.0, 118.0)), (0.018968254, (118.0, 117.0, 94.0))]"
117,"(88.0, 83.0, 61.0)","[(0.08801588, (88.0, 83.0, 61.0)), (0.08420635, (241.0, 237.0, 238.0)), (0.12944445, (90.0, 84.0, 79.0)), (0.09714286, (122.0, 116.0, 113.0)), (0.062063493, (159.0, 154.0, 151.0))]"
118,"(93.0, 84.0, 61.0)","[(0.05484127, (93.0, 84.0, 61.0)), (0.44690475, (58.0, 54.0, 47.0)), (0.027222222, (128.0, 117.0, 91.0)), (0.15595238, (87.0, 82.0, 76.0)), (0.048174605, (122.0, 117.0, 112.0))]"
119,"(84.0, 78.0, 73.0)","[(0.22809523, (84.0, 78.0, 73.0)), (0.4815873, (56.0, 55.0, 47.0)), (0.03420635, (82.0, 82.0, 62.0)), (0.03785714, (58.0, 58.0, 42.0)), (0.07928571, (117.0, 115.0, 110.0))]"
120,"(89.0, 82.0, 80.0)","[(0.27801588, (89.0, 82.0, 80.0)), (0.13079365, (122.0, 115.0, 112.0)), (0.29753968, (64.0, 59.0, 55.0)), (0.066507936, (156.0, 150.0, 149.0)), (0.04888889, (86.0, 83.0, 65.0))]"
121,"(92.0, 86.0, 85.0)","[(0.29666665, (92.0, 86.0, 85.0)), (0.20785715, (118.0, 112.0, 113.0)), (0.026111111, (121.0, 119.0, 94.0)), (0.05206349, (92.0, 90.0, 69.0)), (0.10222222, (155.0, 152.0, 151.0))]"
122,"(122.0, 121.0, 95.0)","[(0.05595238, (122.0, 121.0, 95.0)), (0.12849206, (120.0, 117.0, 110.0)), (0.21619047, (90.0, 87.0, 79.0)), (0.021190476, (156.0, 154.0, 123.0)), (7.142857E-4, (113.0, 115.0, 66.0))]"
123,"(241.0, 239.0, 241.0)","[(0.053809524, (241.0, 239.0, 241.0)), (0.106269844, (158.0, 156.0, 154.0)), (0.053809524, (196.0, 194.0, 197.0)), (0.15333334, (122.0, 119.0, 115.0)), (0.06412698, (126.0, 125.0, 98.0))]"
124,"(123.0, 117.0, 119.0)","[(0.2315873, (123.0, 117.0, 119.0)), (0.2302381, (93.0, 89.0, 88.0)), (0.070634924, (117.0, 119.0, 96.0)), (0.10150794, (153.0, 150.0, 150.0)), (0.108333334, (88.0, 90.0, 67.0))]"
125,"(154.0, 155.0, 156.0)","[(0.09452381, (154.0, 155.0, 156.0)), (0.07111111, (236.0, 237.0, 240.0)), (0.051031746, (193.0, 194.0, 195.0)), (0.24301587, (122.0, 122.0, 121.0)), (0.048492063, (120.0, 125.0, 101.0))]"
126,"(124.0, 116.0, 114.0)","[(0.22174603, (124.0, 116.0, 114.0)), (0.045079365, (240.0, 235.0, 240.0)), (0.27698413, (95.0, 87.0, 80.0)), (0.112539686, (93.0, 89.0, 71.0)), (0.07968254, (158.0, 152.0, 154.0))]"
127,"(92.0, 86.0, 82.0)","[(0.3345238, (92.0, 86.0, 82.0)), (0.07690476, (241.0, 239.0, 241.0)), (0.13849206, (121.0, 117.0, 115.0)), (0.07325397, (158.0, 154.0, 154.0)), (0.05277778, (196.0, 193.0, 195.0))]"
128,"(84.0, 80.0, 71.0)","[(0.24190477, (84.0, 80.0, 71.0)), (0.09126984, (243.0, 243.0, 241.0)), (0.22722222, (63.0, 58.0, 49.0)), (0.056269843, (84.0, 85.0, 65.0)), (0.103968255, (118.0, 117.0, 109.0))]"
129,"(117.0, 118.0, 112.0)","[(0.09126984, (117.0, 118.0, 112.0)), (0.061984126, (237.0, 239.0, 237.0)), (0.26174602, (86.0, 86.0, 78.0)), (0.04547619, (154.0, 156.0, 150.0)), (0.037777778, (191.0, 194.0, 189.0))]"
130,"(82.0, 83.0, 62.0)","[(0.0952381, (82.0, 83.0, 62.0)), (0.08682539, (241.0, 242.0, 238.0)), (0.11984127, (86.0, 84.0, 75.0)), (0.14936508, (61.0, 61.0, 40.0)), (0.02531746, (117.0, 119.0, 95.0))]"
131,"(83.0, 83.0, 73.0)","[(0.19484127, (83.0, 83.0, 73.0)), (0.07492063, (242.0, 243.0, 238.0)), (0.100555554, (81.0, 84.0, 64.0)), (0.07333333, (116.0, 117.0, 108.0)), (0.2323016, (59.0, 61.0, 43.0))]"
132,"(92.0, 85.0, 77.0)","[(0.2188889, (92.0, 85.0, 77.0)), (0.11357143, (88.0, 85.0, 66.0)), (0.109920636, (121.0, 116.0, 108.0)), (0.032380953, (117.0, 115.0, 93.0)), (0.06285714, (157.0, 153.0, 146.0))]"
133,"(88.0, 83.0, 76.0)","[(0.22619048, (88.0, 83.0, 76.0)), (0.0802381, (243.0, 240.0, 241.0)), (0.09476191, (85.0, 84.0, 64.0)), (0.135, (119.0, 116.0, 111.0)), (0.023412699, (116.0, 117.0, 96.0))]"
134,"(85.0, 82.0, 73.0)","[(0.27492064, (85.0, 82.0, 73.0)), (0.065476194, (240.0, 239.0, 238.0)), (0.06031746, (83.0, 82.0, 63.0)), (0.11388889, (117.0, 116.0, 110.0)), (0.19611111, (64.0, 59.0, 50.0))]"
135,"(119.0, 116.0, 112.0)","[(0.123809524, (119.0, 116.0, 112.0)), (0.073015876, (243.0, 240.0, 240.0)), (0.26507938, (92.0, 88.0, 83.0)), (0.070079364, (156.0, 154.0, 149.0)), (0.022777777, (118.0, 119.0, 99.0))]"
136,"(84.0, 82.0, 74.0)","[(0.26214287, (84.0, 82.0, 74.0)), (0.066507936, (241.0, 240.0, 240.0)), (0.11269841, (117.0, 116.0, 111.0)), (0.05968254, (83.0, 84.0, 65.0)), (0.18888889, (63.0, 61.0, 52.0))]"
137,"(86.0, 83.0, 76.0)","[(0.2697619, (86.0, 83.0, 76.0)), (0.06642857, (240.0, 240.0, 238.0)), (0.121031746, (118.0, 117.0, 111.0)), (0.06992064, (85.0, 85.0, 67.0)), (0.05825397, (154.0, 154.0, 149.0))]"
138,"(85.0, 50.0, 38.0)","[(0.109126985, (85.0, 50.0, 38.0)), (0.0802381, (240.0, 239.0, 238.0)), (0.057698414, (99.0, 62.0, 50.0)), (0.061507937, (70.0, 42.0, 43.0)), (0.13071428, (61.0, 53.0, 46.0))]"
139,"(58.0, 52.0, 45.0)","[(0.21896826, (58.0, 52.0, 45.0)), (0.0024603175, (115.0, 119.0, 65.0)), (8.7301584E-4, (136.0, 52.0, 59.0)), (0.17793651, (56.0, 54.0, 33.0)), (0.06420635, (86.0, 84.0, 59.0))]"
140,"(91.0, 86.0, 84.0)","[(0.30880952, (91.0, 86.0, 84.0)), (0.08603174, (117.0, 115.0, 111.0)), (0.11103175, (89.0, 90.0, 70.0)), (0.026111111, (112.0, 115.0, 93.0)), (0.03857143, (154.0, 152.0, 152.0))]"
141,"(120.0, 120.0, 114.0)","[(0.1320635, (120.0, 120.0, 114.0)), (0.04246032, (237.0, 240.0, 243.0)), (0.056111112, (119.0, 123.0, 100.0)), (0.043650795, (154.0, 155.0, 151.0)), (0.032301586, (191.0, 193.0, 196.0))]"
142,"(85.0, 83.0, 60.0)","[(0.21373016, (85.0, 83.0, 60.0)), (0.0036507936, (117.0, 120.0, 64.0)), (0.14539683, (85.0, 81.0, 74.0)), (0.09873016, (63.0, 60.0, 40.0)), (0.051587302, (117.0, 116.0, 91.0))]"
143,"(89.0, 85.0, 63.0)","[(0.16571428, (89.0, 85.0, 63.0)), (0.03920635, (157.0, 156.0, 152.0)), (0.15738095, (91.0, 83.0, 76.0)), (0.07325397, (118.0, 117.0, 92.0)), (0.075555556, (119.0, 116.0, 111.0))]"
144,"(85.0, 81.0, 59.0)","[(0.18253969, (85.0, 81.0, 59.0)), (0.25103176, (61.0, 50.0, 44.0)), (0.02468254, (244.0, 241.0, 238.0)), (0.11460318, (64.0, 59.0, 40.0)), (0.1979365, (88.0, 78.0, 70.0))]"
145,"(86.0, 80.0, 79.0)","[(0.29579365, (86.0, 80.0, 79.0)), (0.017460318, (236.0, 238.0, 241.0)), (0.19428572, (62.0, 56.0, 53.0)), (0.14055556, (117.0, 113.0, 110.0)), (0.09809524, (88.0, 85.0, 65.0))]"
146,"(59.0, 51.0, 46.0)","[(0.18515873, (59.0, 51.0, 46.0)), (0.08039682, (160.0, 156.0, 151.0)), (0.120238096, (56.0, 56.0, 37.0)), (0.14920636, (80.0, 79.0, 55.0)), (0.17079365, (83.0, 76.0, 73.0))]"
147,"(88.0, 84.0, 79.0)","[(0.32349205, (88.0, 84.0, 79.0)), (0.08857143, (116.0, 118.0, 92.0)), (0.15190476, (116.0, 114.0, 109.0)), (0.12698413, (60.0, 52.0, 52.0)), (0.085, (89.0, 91.0, 68.0))]"
148,"(84.0, 82.0, 53.0)","[(0.19730158, (84.0, 82.0, 53.0)), (0.16126984, (64.0, 53.0, 46.0)), (0.06174603, (241.0, 239.0, 241.0)), (0.0038095238, (90.0, 94.0, 42.0)), (0.10984127, (62.0, 60.0, 36.0))]"
149,"(241.0, 238.0, 240.0)","[(0.09039683, (241.0, 238.0, 240.0)), (0.14285715, (87.0, 87.0, 59.0)), (0.0073809526, (118.0, 122.0, 68.0)), (0.06476191, (197.0, 194.0, 194.0)), (0.07277778, (160.0, 156.0, 155.0))]"
150,"(88.0, 85.0, 79.0)","[(0.20777778, (88.0, 85.0, 79.0)), (0.1368254, (119.0, 117.0, 111.0)), (0.09865079, (156.0, 155.0, 149.0)), (0.07960317, (194.0, 192.0, 189.0)), (0.13984127, (238.0, 237.0, 236.0))]"
151,"(55.0, 52.0, 47.0)","[(0.3545238, (55.0, 52.0, 47.0)), (0.23087302, (78.0, 78.0, 70.0)), (0.06531746, (55.0, 57.0, 38.0)), (0.077301584, (78.0, 81.0, 59.0)), (0.021190476, (36.0, 32.0, 28.0))]"
152,"(119.0, 117.0, 114.0)","[(0.11952381, (119.0, 117.0, 114.0)), (7.142857E-4, (93.0, 78.0, 99.0)), (0.21039683, (89.0, 86.0, 84.0)), (0.0684127, (156.0, 154.0, 152.0)), (0.023968253, (115.0, 117.0, 92.0))]"
153,"(86.0, 86.0, 78.0)","[(0.19460317, (86.0, 86.0, 78.0)), (0.09833334, (119.0, 119.0, 112.0)), (0.068333335, (155.0, 155.0, 148.0)), (0.059920635, (194.0, 194.0, 188.0)), (0.073015876, (237.0, 237.0, 232.0))]"
154,"(85.0, 84.0, 77.0)","[(0.20746031, (85.0, 84.0, 77.0)), (0.10206349, (119.0, 118.0, 111.0)), (0.06936508, (156.0, 155.0, 150.0)), (0.058174603, (195.0, 193.0, 189.0)), (0.07277778, (237.0, 236.0, 232.0))]"
155,"(84.0, 83.0, 51.0)","[(0.09642857, (84.0, 83.0, 51.0)), (0.0046825395, (124.0, 127.0, 59.0)), (0.04698413, (240.0, 238.0, 237.0)), (0.3261111, (62.0, 60.0, 33.0)), (0.008650794, (87.0, 85.0, 36.0))]"
156,"(83.0, 83.0, 53.0)","[(0.14611112, (83.0, 83.0, 53.0)), (0.007857143, (120.0, 123.0, 63.0)), (0.051349208, (238.0, 236.0, 236.0)), (0.22071429, (60.0, 59.0, 35.0)), (0.034603175, (116.0, 116.0, 81.0))]"
157,"(240.0, 237.0, 235.0)","[(0.060714286, (240.0, 237.0, 235.0)), (0.11420635, (123.0, 119.0, 114.0)), (0.18698412, (57.0, 54.0, 36.0)), (0.006190476, (114.0, 121.0, 68.0)), (0.18333334, (88.0, 84.0, 78.0))]"
158,"(88.0, 85.0, 63.0)","[(0.10174603, (88.0, 85.0, 63.0)), (0.056031745, (244.0, 238.0, 238.0)), (0.002063492, (84.0, 92.0, 42.0)), (0.13595238, (90.0, 83.0, 77.0)), (0.023174603, (121.0, 118.0, 94.0))]"
159,"(119.0, 117.0, 87.0)","[(0.033650793, (119.0, 117.0, 87.0)), (0.001031746, (226.0, 230.0, 199.0)), (0.008333334, (111.0, 118.0, 77.0)), (0.2345238, (94.0, 92.0, 64.0)), (0.007222222, (156.0, 156.0, 125.0))]"
160,"(240.0, 239.0, 239.0)","[(0.12920634, (240.0, 239.0, 239.0)), (0.120238096, (119.0, 119.0, 114.0)), (0.1554762, (86.0, 85.0, 79.0)), (0.08984127, (157.0, 156.0, 153.0)), (0.073968254, (195.0, 193.0, 192.0))]"
161,"(83.0, 83.0, 54.0)","[(0.15404762, (83.0, 83.0, 54.0)), (0.0037301588, (86.0, 90.0, 38.0)), (0.032857142, (239.0, 237.0, 235.0)), (0.270873, (58.0, 57.0, 34.0)), (0.0415873, (115.0, 116.0, 86.0))]"
162,"(89.0, 85.0, 83.0)","[(0.26920635, (89.0, 85.0, 83.0)), (0.32698414, (55.0, 47.0, 48.0)), (0.15595238, (35.0, 27.0, 30.0)), (0.12269841, (115.0, 114.0, 108.0)), (5.5555557E-4, (106.0, 93.0, 113.0))]"
163,"(246.0, 244.0, 247.0)","[(0.10357143, (246.0, 244.0, 247.0)), (0.079444446, (122.0, 122.0, 88.0)), (0.058571428, (202.0, 197.0, 201.0)), (0.072222225, (162.0, 156.0, 159.0)), (0.092063494, (124.0, 117.0, 119.0))]"
164,"(85.0, 84.0, 79.0)","[(0.19555555, (85.0, 84.0, 79.0)), (0.113492064, (119.0, 120.0, 116.0)), (0.079444446, (155.0, 156.0, 153.0)), (0.16880952, (84.0, 88.0, 66.0)), (0.059920635, (193.0, 194.0, 193.0))]"
165,"(239.0, 240.0, 242.0)","[(0.14436507, (239.0, 240.0, 242.0)), (0.18126984, (84.0, 85.0, 84.0)), (0.12634921, (119.0, 119.0, 119.0)), (0.09809524, (154.0, 155.0, 156.0)), (0.07793651, (194.0, 195.0, 197.0))]"
166,"(84.0, 85.0, 58.0)","[(0.16960317, (84.0, 85.0, 58.0)), (0.043412697, (240.0, 240.0, 237.0)), (0.0076190475, (85.0, 91.0, 39.0)), (0.15357143, (60.0, 60.0, 36.0)), (0.06801587, (117.0, 118.0, 90.0))]"
167,"(243.0, 242.0, 240.0)","[(0.08095238, (243.0, 242.0, 240.0)), (0.03595238, (120.0, 121.0, 94.0)), (0.007301587, (116.0, 119.0, 64.0)), (0.047857143, (196.0, 195.0, 191.0)), (0.05984127, (157.0, 155.0, 151.0))]"
168,"(83.0, 83.0, 54.0)","[(0.13349207, (83.0, 83.0, 54.0)), (0.085079364, (244.0, 242.0, 239.0)), (0.009920635, (87.0, 90.0, 35.0)), (0.19626984, (58.0, 58.0, 32.0)), (0.04436508, (121.0, 120.0, 90.0))]"
169,"(81.0, 83.0, 56.0)","[(0.11015873, (81.0, 83.0, 56.0)), (0.07333333, (245.0, 245.0, 242.0)), (0.016428571, (82.0, 89.0, 36.0)), (0.0053968253, (194.0, 194.0, 166.0)), (0.1647619, (58.0, 59.0, 34.0))]"
170,"(241.0, 240.0, 239.0)","[(0.088174604, (241.0, 240.0, 239.0)), (0.102380954, (120.0, 118.0, 114.0)), (0.073730156, (156.0, 154.0, 150.0)), (0.06253968, (195.0, 194.0, 190.0)), (0.14563492, (88.0, 85.0, 80.0))]"
171,"(84.0, 85.0, 60.0)","[(0.1281746, (84.0, 85.0, 60.0)), (0.05904762, (242.0, 241.0, 238.0)), (0.04825397, (157.0, 155.0, 150.0)), (0.043650795, (120.0, 120.0, 95.0)), (0.06896825, (122.0, 120.0, 116.0))]"
172,"(87.0, 86.0, 53.0)","[(0.12063492, (87.0, 86.0, 53.0)), (0.09452381, (243.0, 240.0, 241.0)), (0.0035714286, (90.0, 92.0, 43.0)), (0.046428572, (121.0, 121.0, 87.0)), (0.015793651, (155.0, 153.0, 123.0))]"
173,"(54.0, 52.0, 44.0)","[(0.22753969, (54.0, 52.0, 44.0)), (0.06801587, (240.0, 238.0, 237.0)), (0.09317461, (121.0, 118.0, 114.0)), (0.1631746, (85.0, 83.0, 77.0)), (0.051507935, (196.0, 194.0, 192.0))]"
174,"(84.0, 85.0, 57.0)","[(0.16222222, (84.0, 85.0, 57.0)), (0.10539682, (243.0, 243.0, 244.0)), (0.07507937, (116.0, 119.0, 88.0)), (0.11309524, (62.0, 62.0, 38.0)), (0.021190476, (83.0, 89.0, 51.0))]"
175,"(88.0, 85.0, 79.0)","[(0.18777777, (88.0, 85.0, 79.0)), (0.08904762, (121.0, 119.0, 113.0)), (0.06587302, (156.0, 154.0, 148.0)), (0.050873015, (195.0, 193.0, 188.0)), (0.09198413, (88.0, 87.0, 68.0))]"
176,"(92.0, 87.0, 54.0)","[(0.2573016, (92.0, 87.0, 54.0)), (0.0981746, (121.0, 116.0, 81.0)), (0.02515873, (156.0, 151.0, 115.0)), (0.008174603, (119.0, 117.0, 67.0)), (0.0154761905, (90.0, 88.0, 39.0))]"
177,"(82.0, 82.0, 57.0)","[(0.19698413, (82.0, 82.0, 57.0)), (0.03952381, (243.0, 242.0, 244.0)), (0.13063492, (57.0, 55.0, 34.0)), (0.07976191, (56.0, 49.0, 44.0)), (0.11674603, (118.0, 119.0, 91.0))]"
178,"(240.0, 240.0, 236.0)","[(0.112460315, (240.0, 240.0, 236.0)), (0.07444444, (84.0, 83.0, 61.0)), (0.120238096, (84.0, 82.0, 76.0)), (0.23952381, (58.0, 55.0, 50.0)), (0.05642857, (195.0, 195.0, 189.0))]"
179,"(58.0, 51.0, 47.0)","[(0.28619048, (58.0, 51.0, 47.0)), (0.13619047, (86.0, 86.0, 63.0)), (0.17952381, (86.0, 82.0, 77.0)), (0.045714285, (116.0, 117.0, 92.0)), (0.0734127, (122.0, 119.0, 114.0))]"
180,"(86.0, 85.0, 62.0)","[(0.0802381, (86.0, 85.0, 62.0)), (0.09301587, (242.0, 240.0, 238.0)), (0.1236508, (86.0, 83.0, 77.0)), (0.08047619, (121.0, 118.0, 112.0)), (0.030873016, (119.0, 117.0, 94.0))]"
181,"(55.0, 57.0, 35.0)","[(0.16706349, (55.0, 57.0, 35.0)), (0.15492064, (82.0, 84.0, 59.0)), (0.0934127, (54.0, 53.0, 47.0)), (0.13269842, (82.0, 81.0, 72.0)), (0.047222223, (114.0, 116.0, 90.0))]"
182,"(88.0, 86.0, 62.0)","[(0.17809524, (88.0, 86.0, 62.0)), (0.072936505, (118.0, 117.0, 91.0)), (0.13666667, (89.0, 85.0, 76.0)), (0.114761904, (121.0, 117.0, 109.0)), (0.08968254, (157.0, 154.0, 146.0))]"
183,"(85.0, 85.0, 82.0)","[(0.21563493, (85.0, 85.0, 82.0)), (0.10722222, (241.0, 241.0, 244.0)), (0.12777779, (117.0, 117.0, 115.0)), (0.08309524, (153.0, 153.0, 154.0)), (0.06111111, (194.0, 194.0, 198.0))]"
184,"(85.0, 84.0, 60.0)","[(0.08611111, (85.0, 84.0, 60.0)), (0.028333334, (240.0, 238.0, 237.0)), (0.0032539682, (114.0, 119.0, 66.0)), (0.14420635, (84.0, 82.0, 75.0)), (0.25119048, (57.0, 56.0, 36.0))]"
185,"(241.0, 243.0, 246.0)","[(0.20460318, (241.0, 243.0, 246.0)), (0.10373016, (153.0, 156.0, 158.0)), (0.13753968, (116.0, 120.0, 120.0)), (0.10285714, (191.0, 193.0, 197.0)), (0.17634921, (83.0, 87.0, 87.0))]"
186,"(52.0, 49.0, 48.0)","[(0.39238095, (52.0, 49.0, 48.0)), (0.17007937, (32.0, 28.0, 28.0)), (0.17571428, (78.0, 80.0, 74.0)), (0.03579365, (54.0, 58.0, 41.0)), (0.058650795, (112.0, 116.0, 109.0))]"
187,"(56.0, 49.0, 45.0)","[(0.42595237, (56.0, 49.0, 45.0)), (0.033492062, (239.0, 236.0, 237.0)), (0.17214286, (82.0, 78.0, 73.0)), (0.05349206, (39.0, 32.0, 29.0)), (0.07952381, (122.0, 118.0, 116.0))]"
188,"(55.0, 50.0, 49.0)","[(0.3781746, (55.0, 50.0, 49.0)), (0.2636508, (82.0, 79.0, 75.0)), (0.044603176, (34.0, 28.0, 28.0)), (0.114761904, (115.0, 113.0, 109.0)), (0.026349206, (86.0, 87.0, 65.0))]"
189,"(116.0, 118.0, 114.0)","[(0.13174604, (116.0, 118.0, 114.0)), (0.097460315, (234.0, 239.0, 239.0)), (0.21380952, (90.0, 89.0, 86.0)), (0.07801587, (150.0, 154.0, 151.0)), (0.027380953, (117.0, 121.0, 101.0))]"
190,"(57.0, 51.0, 48.0)","[(0.24285714, (57.0, 51.0, 48.0)), (0.215, (86.0, 82.0, 76.0)), (0.08928572, (86.0, 86.0, 66.0)), (0.10063492, (118.0, 117.0, 111.0)), (0.043333333, (117.0, 118.0, 96.0))]"
191,"(120.0, 116.0, 114.0)","[(0.16277778, (120.0, 116.0, 114.0)), (0.2297619, (91.0, 85.0, 84.0)), (0.016269842, (140.0, 108.0, 111.0)), (0.19198413, (60.0, 51.0, 49.0)), (0.023809524, (107.0, 78.0, 81.0))]"
192,"(89.0, 86.0, 62.0)","[(0.1261111, (89.0, 86.0, 62.0)), (0.08801588, (243.0, 239.0, 238.0)), (0.060714286, (120.0, 117.0, 92.0)), (0.12222222, (90.0, 85.0, 78.0)), (0.11015873, (123.0, 118.0, 112.0))]"
193,"(55.0, 53.0, 33.0)","[(0.17809524, (55.0, 53.0, 33.0)), (0.19261904, (54.0, 47.0, 39.0)), (0.046825398, (81.0, 81.0, 57.0)), (0.36007938, (35.0, 27.0, 21.0)), (0.06373016, (84.0, 81.0, 71.0))]"
194,"(121.0, 117.0, 114.0)","[(0.13690476, (121.0, 117.0, 114.0)), (0.033253968, (231.0, 233.0, 229.0)), (0.31698412, (88.0, 82.0, 82.0)), (0.26063493, (60.0, 53.0, 54.0)), (0.04920635, (156.0, 154.0, 151.0))]"
195,"(58.0, 52.0, 51.0)","[(0.15944445, (58.0, 52.0, 51.0)), (0.09769841, (242.0, 237.0, 239.0)), (0.1384127, (87.0, 82.0, 79.0)), (0.11722222, (86.0, 83.0, 61.0)), (0.098809525, (123.0, 117.0, 116.0))]"
196,"(244.0, 241.0, 242.0)","[(0.093888886, (244.0, 241.0, 242.0)), (0.19071428, (56.0, 53.0, 51.0)), (0.12896825, (85.0, 82.0, 79.0)), (0.094126984, (121.0, 118.0, 115.0)), (0.066984124, (158.0, 156.0, 153.0))]"
197,"(25.0, 18.0, 12.0)","[(0.4547619, (25.0, 18.0, 12.0)), (0.10634921, (57.0, 52.0, 32.0)), (0.013888889, (238.0, 235.0, 243.0)), (0.1829365, (57.0, 49.0, 41.0)), (0.041507937, (83.0, 79.0, 54.0))]"
198,"(85.0, 83.0, 60.0)","[(0.16531746, (85.0, 83.0, 60.0)), (0.029761905, (241.0, 239.0, 244.0)), (0.0015079365, (159.0, 163.0, 108.0)), (0.13119048, (58.0, 55.0, 35.0)), (0.15539682, (58.0, 49.0, 44.0))]"
199,"(244.0, 241.0, 244.0)","[(0.13555555, (244.0, 241.0, 244.0)), (0.08238095, (121.0, 117.0, 118.0)), (0.065476194, (198.0, 194.0, 199.0)), (0.1261111, (88.0, 85.0, 83.0)), (0.0618254, (159.0, 155.0, 156.0))]"
200,"(88.0, 86.0, 57.0)","[(0.14436507, (88.0, 86.0, 57.0)), (0.07587302, (242.0, 240.0, 241.0)), (0.0091269845, (116.0, 119.0, 64.0)), (0.07507937, (119.0, 118.0, 88.0)), (0.14126985, (60.0, 57.0, 32.0))]"
201,"(29.0, 23.0, 16.0)","[(0.26198414, (29.0, 23.0, 16.0)), (0.15833333, (53.0, 53.0, 32.0)), (0.075, (82.0, 83.0, 60.0)), (0.13666667, (54.0, 50.0, 42.0)), (0.08269841, (84.0, 82.0, 74.0))]"
202,"(157.0, 157.0, 154.0)","[(0.047857143, (157.0, 157.0, 154.0)), (0.12928571, (118.0, 117.0, 115.0)), (0.2911111, (86.0, 84.0, 81.0)), (0.029206349, (192.0, 192.0, 193.0)), (0.03373016, (234.0, 234.0, 239.0))]"
203,"(121.0, 121.0, 96.0)","[(0.14380953, (121.0, 121.0, 96.0)), (0.07031746, (156.0, 156.0, 129.0)), (0.12626985, (90.0, 89.0, 66.0)), (0.022460317, (192.0, 192.0, 165.0)), (0.061666667, (194.0, 195.0, 189.0))]"
204,"(82.0, 84.0, 77.0)","[(0.30761904, (82.0, 84.0, 77.0)), (0.20174603, (114.0, 117.0, 110.0)), (0.15571429, (58.0, 58.0, 53.0)), (0.102619044, (151.0, 155.0, 147.0)), (0.02595238, (114.0, 121.0, 99.0))]"
205,"(242.0, 242.0, 244.0)","[(0.12373016, (242.0, 242.0, 244.0)), (0.14230159, (47.0, 49.0, 29.0)), (0.07095238, (120.0, 120.0, 115.0)), (0.060634922, (156.0, 156.0, 154.0)), (0.061190475, (194.0, 195.0, 195.0))]"
206,"(57.0, 54.0, 30.0)","[(0.28722224, (57.0, 54.0, 30.0)), (0.025396826, (120.0, 124.0, 66.0)), (0.35079366, (84.0, 81.0, 53.0)), (0.12246032, (122.0, 119.0, 87.0)), (0.032619048, (158.0, 155.0, 123.0))]"
207,"(79.0, 87.0, 48.0)","[(0.038412698, (79.0, 87.0, 48.0)), (0.44333333, (18.0, 16.0, 8.0)), (0.055238094, (80.0, 83.0, 60.0)), (0.12031746, (55.0, 57.0, 35.0)), (0.013571428, (82.0, 91.0, 40.0))]"
208,"(87.0, 85.0, 58.0)","[(0.12420635, (87.0, 85.0, 58.0)), (0.028412698, (117.0, 124.0, 63.0)), (0.13753968, (59.0, 56.0, 36.0)), (0.06388889, (115.0, 114.0, 83.0)), (0.13452381, (58.0, 51.0, 43.0))]"
209,"(85.0, 85.0, 63.0)","[(0.1768254, (85.0, 85.0, 63.0)), (0.13587302, (86.0, 83.0, 73.0)), (0.069126986, (114.0, 114.0, 91.0)), (0.095396824, (58.0, 60.0, 38.0)), (0.110873014, (63.0, 58.0, 50.0))]"
210,"(56.0, 56.0, 24.0)","[(0.22373016, (56.0, 56.0, 24.0)), (0.09134921, (241.0, 239.0, 236.0)), (0.09484127, (82.0, 81.0, 48.0)), (0.023492064, (121.0, 115.0, 86.0)), (0.08563492, (84.0, 82.0, 75.0))]"
211,"(85.0, 82.0, 77.0)","[(0.056904763, (85.0, 82.0, 77.0)), (0.067063496, (234.0, 231.0, 232.0)), (0.1470635, (56.0, 53.0, 47.0)), (0.040873017, (121.0, 118.0, 116.0)), (0.036190476, (155.0, 153.0, 156.0))]"
212,"(52.0, 50.0, 45.0)","[(0.32460317, (52.0, 50.0, 45.0)), (0.12119047, (83.0, 81.0, 78.0)), (0.17809524, (31.0, 27.0, 23.0)), (0.06246032, (118.0, 117.0, 116.0)), (0.042936508, (156.0, 154.0, 155.0))]"
213,"(52.0, 51.0, 43.0)","[(0.32690477, (52.0, 51.0, 43.0)), (0.13484126, (53.0, 55.0, 38.0)), (0.19507937, (80.0, 79.0, 72.0)), (0.077301584, (33.0, 32.0, 24.0)), (0.049285714, (74.0, 76.0, 57.0))]"
214,"(51.0, 52.0, 44.0)","[(0.23309524, (51.0, 52.0, 44.0)), (0.21103175, (247.0, 246.0, 246.0)), (0.09166667, (80.0, 81.0, 75.0)), (0.21325397, (31.0, 32.0, 24.0)), (0.03547619, (50.0, 52.0, 35.0))]"
215,"(242.0, 241.0, 243.0)","[(0.1695238, (242.0, 241.0, 243.0)), (0.19222222, (51.0, 51.0, 48.0)), (0.062063493, (197.0, 195.0, 198.0)), (0.059761904, (157.0, 156.0, 158.0)), (0.09246032, (84.0, 83.0, 83.0))]"
216,"(243.0, 240.0, 240.0)","[(0.185, (243.0, 240.0, 240.0)), (0.14690477, (54.0, 52.0, 47.0)), (0.045238096, (200.0, 196.0, 195.0)), (0.041507937, (158.0, 154.0, 152.0)), (0.07531746, (87.0, 83.0, 79.0))]"
217,"(239.0, 237.0, 236.0)","[(0.22626984, (239.0, 237.0, 236.0)), (0.17484127, (55.0, 54.0, 49.0)), (0.06896825, (83.0, 81.0, 76.0)), (0.042063493, (201.0, 199.0, 198.0)), (0.04063492, (119.0, 117.0, 114.0))]"
218,"(59.0, 56.0, 48.0)","[(0.16658731, (59.0, 56.0, 48.0)), (0.06380952, (86.0, 81.0, 57.0)), (0.07952381, (62.0, 58.0, 38.0)), (0.17015873, (84.0, 83.0, 79.0)), (0.07960317, (117.0, 117.0, 120.0))]"
219,"(50.0, 50.0, 46.0)","[(0.25190476, (50.0, 50.0, 46.0)), (0.022698414, (82.0, 81.0, 79.0)), (0.46079364, (30.0, 29.0, 25.0)), (0.013015873, (119.0, 119.0, 116.0)), (0.008333334, (157.0, 156.0, 154.0))]"
220,"(81.0, 74.0, 74.0)","[(0.33619046, (81.0, 74.0, 74.0)), (0.36873016, (59.0, 51.0, 48.0)), (0.12857144, (34.0, 29.0, 27.0)), (0.06476191, (59.0, 52.0, 38.0)), (0.03357143, (235.0, 233.0, 243.0))]"
221,"(252.0, 251.0, 251.0)","[(0.26182538, (252.0, 251.0, 251.0)), (0.21301587, (56.0, 54.0, 47.0)), (0.097222224, (85.0, 83.0, 75.0)), (0.06849206, (121.0, 119.0, 114.0)), (0.031111112, (84.0, 85.0, 62.0))]"
222,"(52.0, 51.0, 43.0)","[(0.16817461, (52.0, 51.0, 43.0)), (0.20206349, (242.0, 241.0, 243.0)), (0.10230159, (53.0, 49.0, 30.0)), (0.23412699, (29.0, 29.0, 23.0)), (0.09261905, (79.0, 79.0, 73.0))]"
223,"(23.0, 23.0, 13.0)","[(0.45873016, (23.0, 23.0, 13.0)), (0.035555556, (47.0, 49.0, 30.0)), (0.19460317, (250.0, 248.0, 247.0)), (0.10230159, (50.0, 49.0, 41.0)), (0.025873017, (29.0, 32.0, 13.0))]"
224,"(75.0, 77.0, 54.0)","[(0.012222222, (75.0, 77.0, 54.0)), (0.0046031745, (121.0, 120.0, 110.0)), (3.174603E-4, (117.0, 119.0, 101.0)), (0.001984127, (162.0, 161.0, 163.0)), (0.0011904762, (197.0, 197.0, 197.0))]"
225,"(120.0, 124.0, 95.0)","[(0.040079366, (120.0, 124.0, 95.0)), (0.019444445, (148.0, 158.0, 117.0)), (0.0484127, (237.0, 237.0, 240.0)), (0.027619047, (115.0, 124.0, 87.0)), (0.0073809526, (144.0, 149.0, 119.0))]"
226,"(87.0, 87.0, 60.0)","[(0.17119047, (87.0, 87.0, 60.0)), (0.017777778, (118.0, 125.0, 71.0)), (0.042857144, (116.0, 118.0, 88.0)), (0.018650794, (113.0, 121.0, 79.0)), (0.039920636, (87.0, 94.0, 55.0))]"
227,"(122.0, 121.0, 93.0)","[(0.10531746, (122.0, 121.0, 93.0)), (0.026507936, (154.0, 154.0, 121.0)), (0.1865873, (88.0, 89.0, 65.0)), (0.007936508, (151.0, 158.0, 113.0)), (0.015158731, (120.0, 127.0, 89.0))]"
228,"(85.0, 85.0, 63.0)","[(0.27309525, (85.0, 85.0, 63.0)), (0.109920636, (59.0, 60.0, 40.0)), (0.12515873, (114.0, 114.0, 88.0)), (0.15126984, (57.0, 53.0, 45.0)), (0.09714286, (83.0, 80.0, 70.0))]"
229,"(122.0, 121.0, 96.0)","[(0.1470635, (122.0, 121.0, 96.0)), (0.060396824, (153.0, 152.0, 125.0)), (0.10873016, (93.0, 92.0, 69.0)), (0.10611111, (121.0, 118.0, 112.0)), (0.07833333, (156.0, 155.0, 151.0))]"
230,"(88.0, 90.0, 64.0)","[(0.24253969, (88.0, 90.0, 64.0)), (0.15777777, (115.0, 117.0, 90.0)), (0.056904763, (115.0, 122.0, 80.0)), (0.054603174, (86.0, 92.0, 54.0)), (0.013253968, (142.0, 150.0, 106.0))]"
231,"(122.0, 123.0, 99.0)","[(0.12579365, (122.0, 123.0, 99.0)), (0.06825397, (153.0, 154.0, 127.0)), (0.14126985, (123.0, 120.0, 115.0)), (0.029920636, (151.0, 158.0, 115.0)), (0.103968255, (154.0, 151.0, 148.0))]"
232,"(126.0, 121.0, 93.0)","[(0.14801587, (126.0, 121.0, 93.0)), (0.13357143, (59.0, 57.0, 48.0)), (0.04753968, (164.0, 152.0, 123.0)), (0.016111111, (178.0, 139.0, 110.0)), (0.1486508, (90.0, 89.0, 66.0))]"
233,"(121.0, 123.0, 97.0)","[(0.10277778, (121.0, 123.0, 97.0)), (0.08349206, (155.0, 156.0, 151.0)), (0.022777777, (116.0, 125.0, 86.0)), (0.011031746, (148.0, 158.0, 115.0)), (0.048730157, (153.0, 152.0, 126.0))]"
234,"(117.0, 121.0, 97.0)","[(0.1097619, (117.0, 121.0, 97.0)), (0.025, (196.0, 195.0, 196.0)), (0.09777778, (154.0, 155.0, 130.0)), (0.036349207, (113.0, 125.0, 91.0)), (0.1431746, (114.0, 116.0, 110.0))]"
235,"(118.0, 116.0, 118.0)","[(0.17626984, (118.0, 116.0, 118.0)), (0.11365079, (166.0, 156.0, 134.0)), (0.026111111, (238.0, 236.0, 243.0)), (0.08801588, (122.0, 124.0, 103.0)), (0.135, (160.0, 153.0, 154.0))]"
236,"(83.0, 82.0, 79.0)","[(0.22253968, (83.0, 82.0, 79.0)), (0.04015873, (153.0, 120.0, 100.0)), (0.10301587, (60.0, 60.0, 58.0)), (0.16420636, (121.0, 115.0, 116.0)), (0.12174603, (158.0, 152.0, 156.0))]"
237,"(56.0, 57.0, 50.0)","[(0.16111112, (56.0, 57.0, 50.0)), (0.103412695, (142.0, 117.0, 90.0)), (0.25079367, (80.0, 81.0, 75.0)), (0.15507936, (116.0, 115.0, 113.0)), (0.090793654, (155.0, 153.0, 153.0))]"
238,"(58.0, 57.0, 50.0)","[(0.22888888, (58.0, 57.0, 50.0)), (0.10531746, (155.0, 115.0, 88.0)), (0.26015872, (77.0, 77.0, 70.0)), (0.022777777, (59.0, 58.0, 41.0)), (0.006825397, (173.0, 133.0, 105.0))]"
239,"(86.0, 82.0, 84.0)","[(0.24984127, (86.0, 82.0, 84.0)), (0.12595238, (239.0, 236.0, 244.0)), (0.22230159, (55.0, 53.0, 50.0)), (0.1284127, (121.0, 116.0, 123.0)), (0.08047619, (158.0, 154.0, 162.0))]"
240,"(52.0, 50.0, 44.0)","[(0.2997619, (52.0, 50.0, 44.0)), (0.24563491, (83.0, 79.0, 76.0)), (0.087142855, (122.0, 117.0, 116.0)), (0.052301586, (159.0, 154.0, 155.0)), (0.033968255, (35.0, 33.0, 29.0))]"
